Workbook

Sheet Copy, Cut, Paste
A1: Date | B1: Year | C1: Month | D1: Territory | E1: Product Code | F1: Product Name | G1: Manufacturer | H1: Sold Qty | I1: Selling Price | J1: Sales Transaction
A2: 43832 | B2: 2020 | C2: Jan | D2: South | E2: 1008 | F2: Ford-001 | G2: FORD | H2: 1 | I2: 34353 | J2: =I2*H2 -> 34353
A3: 43832 | B3: 2020 | C3: Jan | D3: North | E3: 1008 | F3: Ford-001 | G3: FORD | H3: 1 | I3: 41375 | J3: =I3*H3 -> 41375
A4: 43834 | B4: 2020 | C4: Jan | D4: East | E4: 1008 | F4: Ford-001 | G4: FORD | H4: 2 | I4: 33873 | J4: =I4*H4 -> 67746
A5: 43842 | B5: 2020 | C5: Jan | D5: East | E5: 1008 | F5: Ford-001 | G5: FORD | H5: 1 | I5: 33821 | J5: =I5*H5 -> 33821
A6: 43852 | B6: 2020 | C6: Jan | D6: East | E6: 1008 | F6: Ford-001 | G6: FORD | H6: 1 | I6: 41016 | J6: =I6*H6 -> 41016
A7: 43856 | B7: 2020 | C7: Jan | D7: South | E7: 1008 | F7: Ford-001 | G7: FORD | H7: 3 | I7: 41648 | J7: =I7*H7 -> 124944 | K7: Top Transaction
A8: 43858 | B8: 2020 | C8: Jan | D8: North | E8: 1008 | F8: Ford-001 | G8: FORD | H8: 1 | I8: 35301 | J8: =I8*H8 -> 35301
A9: 43861 | B9: 2020 | C9: Jan | D9: North | E9: 1008 | F9: Ford-001 | G9: FORD | H9: 1 | I9: 33551 | J9: =I9*H9 -> 33551
A10: 43832 | B10: 2020 | C10: Jan | D10: North | E10: 1005 | F10: Mitsubishi-001 | G10: MITSUBISHI | H10: 1 | I10: 36644 | J10: =I10*H10 -> 36644
A11: 43832 | B11: 2020 | C11: Jan | D11: West | E11: 1005 | F11: Mitsubishi-001 | G11: MITSUBISHI | H11: 2 | I11: 37679 | J11: =I11*H11 -> 75358
A12: 43832 | B12: 2020 | C12: Jan | D12: North | E12: 1005 | F12: Mitsubishi-001 | G12: MITSUBISHI | H12: 1 | I12: 34559 | J12: =I12*H12 -> 34559
A13: 43834 | B13: 2020 | C13: Jan | D13: South | E13: 1005 | F13: Mitsubishi-001 | G13: MITSUBISHI | H13: 1 | I13: 41663 | J13: =I13*H13 -> 41663 | K13: Highest Selling Price
A14: 43835 | B14: 2020 | C14: Jan | D14: West | E14: 1005 | F14: Mitsubishi-001 | G14: MITSUBISHI | H14: 1 | I14: 33981 | J14: =I14*H14 -> 33981
A15: 43839 | B15: 2020 | C15: Jan | D15: North | E15: 1005 | F15: Mitsubishi-001 | G15: MITSUBISHI | H15: 1 | I15: 34516 | J15: =I15*H15 -> 34516
A16: 43844 | B16: 2020 | C16: Jan | D16: West | E16: 1005 | F16: Mitsubishi-001 | G16: MITSUBISHI | H16: 1 | I16: 39393 | J16: =I16*H16 -> 39393
A17: 43846 | B17: 2020 | C17: Jan | D17: East | E17: 1005 | F17: Mitsubishi-001 | G17: MITSUBISHI | H17: 2 | I17: 38691 | J17: =I17*H17 -> 77382
A18: 43849 | B18: 2020 | C18: Jan | D18: South | E18: 1005 | F18: Mitsubishi-001 | G18: MITSUBISHI | H18: 1 | I18: 41599 | J18: =I18*H18 -> 41599
A19: 43851 | B19: 2020 | C19: Jan | D19: South | E19: 1005 | F19: Mitsubishi-001 | G19: MITSUBISHI | H19: 1 | I19: 36863 | J19: =I19*H19 -> 36863
A20: 43853 | B20: 2020 | C20: Jan | D20: North | E20: 1005 | F20: Mitsubishi-001 | G20: MITSUBISHI | H20: 1 | I20: 38466 | J20: =I20*H20 -> 38466
I21: =AVERAGE(I2:I20) -> 37315.368
I22: Avg. Price | J22: Total Sales
A23: January Summary: | B23: Amount | C23: Shortcut | D23: Function
A24: Highest Vehicle Selling Price | B24: 41648 | C24: Control + C, Control + V | D24: Copy, Paste
A25: Top Transaction | B25: 124944 | C25: Control + C, Alt + E + S + V | D25: Copy, Paste Special Values
A26: Average Selling Price | B26: =AVERAGE(B7:B25) -> 12179.5 | C26: 1) Control + X, Control + V 2) Control + C, Alt + E + S + T | D26: 1) Cut, Paste 2) Paste Special Formats
A27: Total Sales | B27: =SUM(J2:J20) -> 902531 | C27: Control + X, Control + V | D27: Cut, Paste
E31: samsung 1d 860 220 7200 rpm

Sheet January 2020
A1: Date | B1: Year | C1: Month | D1: Territory | E1: Product Code | F1: Product Name | G1: Manufacturer | H1: Sold Qty | I1: Selling Price | J1: Sales Transaction | M1: Average Selling Price
A2: 43832 | B2: 2020 | C2: Jan | D2: South | E2: 1008 | F2: Ford-001 | G2: FORD | H2: 1 | I2: 34353 | J2: =I2*H2*1.3 -> 44658.9 | L2: Total | M2: =AVERAGE('January 2020'!$I$2:$I$74) -> 37219.534
A3: 43832 | B3: 2020 | C3: Jan | D3: North | E3: 1008 | F3: Ford-001 | G3: FORD | H3: 1 | I3: 41375 | J3: =I3*H3*1.3 -> 53787.5
A4: 43834 | B4: 2020 | C4: Jan | D4: East | E4: 1008 | F4: Ford-001 | G4: FORD | H4: 1 | I4: 33873 | J4: =I4*H4*1.3 -> 44034.9
A5: 43842 | B5: 2020 | C5: Jan | D5: East | E5: 1008 | F5: Ford-001 | G5: FORD | H5: 1 | I5: 33821 | J5: =I5*H5*1.3 -> 43967.3
A6: 43852 | B6: 2020 | C6: Jan | D6: East | E6: 1008 | F6: Ford-001 | G6: FORD | H6: 1 | I6: 41016 | J6: =I6*H6*1.3 -> 53320.8
A7: 43856 | B7: 2020 | C7: Jan | D7: South | E7: 1008 | F7: Ford-001 | G7: FORD | H7: 1 | I7: 41648 | J7: =I7*H7*1.3 -> 54142.4
A8: 43858 | B8: 2020 | C8: Jan | D8: North | E8: 1008 | F8: Ford-001 | G8: FORD | H8: 1 | I8: 35301 | J8: =I8*H8*1.3 -> 45891.3
A9: 43861 | B9: 2020 | C9: Jan | D9: North | E9: 1008 | F9: Ford-001 | G9: FORD | H9: 1 | I9: 33551 | J9: =I9*H9*1.3 -> 43616.3
A10: 43832 | B10: 2020 | C10: Jan | D10: West | E10: 1005 | F10: Mitsubishi-001 | G10: MITSUBISHI | H10: 2 | I10: 37679 | J10: =I10*H10*1.3 -> 97965.4
A11: 43832 | B11: 2020 | C11: Jan | D11: North | E11: 1005 | F11: Mitsubishi-001 | G11: MITSUBISHI | H11: 1 | I11: 34559 | J11: =I11*H11*1.3 -> 44926.7
A12: 43834 | B12: 2020 | C12: Jan | D12: South | E12: 1005 | F12: Mitsubishi-001 | G12: MITSUBISHI | H12: 1 | I12: 41663 | J12: =I12*H12*1.3 -> 54161.9
A13: 43835 | B13: 2020 | C13: Jan | D13: West | E13: 1005 | F13: Mitsubishi-001 | G13: MITSUBISHI | H13: 1 | I13: 33981 | J13: =I13*H13*1.3 -> 44175.3
A14: 43839 | B14: 2020 | C14: Jan | D14: North | E14: 1005 | F14: Mitsubishi-001 | G14: MITSUBISHI | H14: 1 | I14: 34516 | J14: =I14*H14*1.3 -> 44870.8
... A74: 43845 | B74: 2020 | C74: Jan | D74: West | E74: 1011 | F74: Toyota-003 | G74: TOYOTA | H74: 1 | I74: 41912 | J74: =I74*H74*1.3 -> 54485.6
A75: Total Sales | J75: =I75*H75 -> 0

Sheet February 2020
A1: Date | B1: Year | C1: Month | D1: Territory | E1: Product Code | F1: Product Name | G1: Manufacturer | H1: Sold Qty | I1: Selling Price | J1: Sales Transaction | M1: Average Selling Price
A2: 43863 | B2: 2020 | C2: Feb | D2: South | E2: 1008 | F2: Ford-001 | G2: FORD | H2: 1 | I2: 30027 | J2: 30027 | L2: Total | M2: =AVERAGE('February 2020'!$I$2:$I$74) -> 34776.247
A3: 43863 | B3: 2020 | C3: Feb | D3: North | E3: 1008 | F3: Ford-001 | G3: FORD | H3: 1 | I3: 38917 | J3: 38917
A4: 43865 | B4: 2020 | C4: Feb | D4: East | E4: 1008 | F4: Ford-001 | G4: FORD | H4: 1 | I4: 37653 | J4: 37653
A5: 43873 | B5: 2020 | C5: Feb | D5: East | E5: 1008 | F5: Ford-001 | G5: FORD | H5: 1 | I5: 39360 | J5: 39360
A6: 43883 | B6: 2020 | C6: Feb | D6: East | E6: 1008 | F6: Ford-001 | G6: FORD | H6: 1 | I6: 41353 | J6: 41353
A7: 43887 | B7: 2020 | C7: Feb | D7: South | E7: 1008 | F7: Ford-001 | G7: FORD | H7: 1 | I7: 30900 | J7: 30900
A8: 43889 | B8: 2020 | C8: Feb | D8: North | E8: 1008 | F8: Ford-001 | G8: FORD | H8: 1 | I8: 40227 | J8: 40227
A9: 43889 | B9: 2020 | C9: Feb | D9: North | E9: 1008 | F9: Ford-001 | G9: FORD | H9: 1 | I9: 35371 | J9: 35371
A10: 43863 | B10: 2020 | C10: Feb | D10: North | E10: 1005 | F10: Mitsubishi-001 | G10: MITSUBISHI | H10: 1 | I10: 36015 | J10: 36015
A11: 43863 | B11: 2020 | C11: Feb | D11: West | E11: 1005 | F11: Mitsubishi-001 | G11: MITSUBISHI | H11: 2 | I11: 38766 | J11: 77532
A12: 43863 | B12: 2020 | C12: Feb | D12: North | E12: 1005 | F12: Mitsubishi-001 | G12: MITSUBISHI | H12: 1 | I12: 34091 | J12: 34091
A13: 43865 | B13: 2020 | C13: Feb | D13: South | E13: 1005 | F13: Mitsubishi-001 | G13: MITSUBISHI | H13: 1 | I13: 28439 | J13: 28439
A14: 43866 | B14: 2020 | C14: Feb | D14: West | E14: 1005 | F14: Mitsubishi-001 | G14: MITSUBISHI | H14: 1 | I14: 38151 | J14: 38151
... A74: 43876 | B74: 2020 | C74: Feb | D74: West | E74: 1011 | F74: Toyota-003 | G74: TOYOTA | H74: 1 | I74: 41189 | J74: 41189

Sheet March 2020
A1: Date | B1: Year | C1: Month | D1: Territory | E1: Product Code | F1: Product Name | G1: Manufacturer | H1: Sold Qty | I1: Selling Price | J1: Sales Transaction | M1: Average Selling Price
A2: 43892 | B2: 2020 | C2: Mar | D2: South | E2: 1008 | F2: Ford-001 | G2: FORD | H2: 1 | I2: 38382 | J2: 38382 | L2: Total | M2: =AVERAGE('March 2020'!$I$2:$I$74) -> 35679.384
A3: 43892 | B3: 2020 | C3: Mar | D3: North | E3: 1008 | F3: Ford-001 | G3: FORD | H3: 1 | I3: 35831 | J3: 35831
A4: 43894 | B4: 2020 | C4: Mar | D4: East | E4: 1008 | F4: Ford-001 | G4: FORD | H4: 1 | I4: 37959 | J4: 37959
A5: 43902 | B5: 2020 | C5: Mar | D5: East | E5: 1008 | F5: Ford-001 | G5: FORD | H5: 1 | I5: 31134 | J5: 31134
A6: 43912 | B6: 2020 | C6: Mar | D6: East | E6: 1008 | F6: Ford-001 | G6: FORD | H6: 1 | I6: 35743 | J6: 35743
A7: 43916 | B7: 2020 | C7: Mar | D7: South | E7: 1008 | F7: Ford-001 | G7: FORD | H7: 1 | I7: 38308 | J7: 38308
A8: 43918 | B8: 2020 | C8: Mar | D8: North | E8: 1008 | F8: Ford-001 | G8: FORD | H8: 1 | I8: 34087 | J8: 34087
A9: 43921 | B9: 2020 | C9: Mar | D9: North | E9: 1008 | F9: Ford-001 | G9: FORD | H9: 1 | I9: 37947 | J9: 37947
A10: 43892 | B10: 2020 | C10: Mar | D10: North | E10: 1005 | F10: Mitsubishi-001 | G10: MITSUBISHI | H10: 1 | I10: 35288 | J10: 35288
A11: 43892 | B11: 2020 | C11: Mar | D11: West | E11: 1005 | F11: Mitsubishi-001 | G11: MITSUBISHI | H11: 2 | I11: 35309 | J11: 70618
A12: 43892 | B12: 2020 | C12: Mar | D12: North | E12: 1005 | F12: Mitsubishi-001 | G12: MITSUBISHI | H12: 1 | I12: 35953 | J12: 35953
A13: 43894 | B13: 2020 | C13: Mar | D13: South | E13: 1005 | F13: Mitsubishi-001 | G13: MITSUBISHI | H13: 1 | I13: 38576 | J13: 38576
A14: 43895 | B14: 2020 | C14: Mar | D14: West | E14: 1005 | F14: Mitsubishi-001 | G14: MITSUBISHI | H14: 1 | I14: 38118 | J14: 38118
... A74: 43905 | B74: 2020 | C74: Mar | D74: West | E74: 1011 | F74: Toyota-003 | G74: TOYOTA | H74: 1 | I74: 33903 | J74: 33903

Sheet April 2020
A1: Date | B1: Year | C1: Month | D1: Territory | E1: Product Code | F1: Product Name | G1: Manufacturer | H1: Sold Qty | I1: Selling Price | J1: Sales Transaction | M1: Average Selling Price
A2: 43923 | B2: 2020 | C2: Apr | D2: South | E2: 1008 | F2: Ford-001 | G2: FORD | H2: 1 | I2: 32880 | J2: 32880 | L2: Total | M2: =AVERAGE('April 2020'!$I$2:$I$74) -> 35703.795
A3: 43923 | B3: 2020 | C3: Apr | D3: North | E3: 1008 | F3: Ford-001 | G3: FORD | H3: 1 | I3: 39535 | J3: 39535
A4: 43925 | B4: 2020 | C4: Apr | D4: East | E4: 1008 | F4: Ford-001 | G4: FORD | H4: 1 | I4: 38543 | J4: 38543
A5: 43933 | B5: 2020 | C5: Apr | D5: East | E5: 1008 | F5: Ford-001 | G5: FORD | H5: 1 | I5: 35087 | J5: 35087
A6: 43943 | B6: 2020 | C6: Apr | D6: East | E6: 1008 | F6: Ford-001 | G6: FORD | H6: 1 | I6: 37340 | J6: 37340
A7: 43947 | B7: 2020 | C7: Apr | D7: South | E7: 1008 | F7: Ford-001 | G7: FORD | H7: 1 | I7: 35671 | J7: 35671
A8: 43949 | B8: 2020 | C8: Apr | D8: North | E8: 1008 | F8: Ford-001 | G8: FORD | H8: 1 | I8: 34296 | J8: 34296
A9: 43951 | B9: 2020 | C9: Apr | D9: North | E9: 1008 | F9: Ford-001 | G9: FORD | H9: 1 | I9: 34355 | J9: 34355
A10: 43923 | B10: 2020 | C10: Apr | D10: North | E10: 1005 | F10: Mitsubishi-001 | G10: MITSUBISHI | H10: 1 | I10: 35989 | J10: 35989
A11: 43923 | B11: 2020 | C11: Apr | D11: West | E11: 1005 | F11: Mitsubishi-001 | G11: MITSUBISHI | H11: 2 | I11: 37751 | J11: 75502
A12: 43923 | B12: 2020 | C12: Apr | D12: North | E12: 1005 | F12: Mitsubishi-001 | G12: MITSUBISHI | H12: 1 | I12: 38440 | J12: 38440
A13: 43925 | B13: 2020 | C13: Apr | D13: South | E13: 1005 | F13: Mitsubishi-001 | G13: MITSUBISHI | H13: 1 | I13: 39882 | J13: 39882
A14: 43926 | B14: 2020 | C14: Apr | D14: West | E14: 1005 | F14: Mitsubishi-001 | G14: MITSUBISHI | H14: 1 | I14: 32282 | J14: 32282
... A74: 43936 | B74: 2020 | C74: Apr | D74: West | E74: 1011 | F74: Toyota-003 | G74: TOYOTA | H74: 1 | I74: 39612 | J74: 39612

Sheet May 2020
A1: Date | B1: Year | C1: Month | D1: Territory | E1: Product Code | F1: Product Name | G1: Manufacturer | H1: Sold Qty | I1: Selling Price | J1: Sales Transaction | M1: Average Selling Price
A2: 43953 | B2: 2020 | C2: Jan | D2: South | E2: 1008 | F2: Ford-001 | G2: FORD | H2: 1 | I2: 34353 | J2: 34353 | L2: Total | M2: =AVERAGE('May 2020'!$I$2:$I$74) -> 37219.534
A3: 43953 | B3: 2020 | C3: Jan | D3: North | E3: 1008 | F3: Ford-001 | G3: FORD | H3: 1 | I3: 41375 | J3: 41375
A4: 43955 | B4: 2020 | C4: Jan | D4: East | E4: 1008 | F4: Ford-001 | G4: FORD | H4: 1 | I4: 33873 | J4: 33873
A5: 43963 | B5: 2020 | C5: Jan | D5: East | E5: 1008 | F5: Ford-001 | G5: FORD | H5: 1 | I5: 33821 | J5: 33821
A6: 43973 | B6: 2020 | C6: Jan | D6: East | E6: 1008 | F6: Ford-001 | G6: FORD | H6: 1 | I6: 41016 | J6: 41016
A7: 43977 | B7: 2020 | C7: Jan | D7: South | E7: 1008 | F7: Ford-001 | G7: FORD | H7: 1 | I7: 41648 | J7: 41648
A8: 43979 | B8: 2020 | C8: Jan | D8: North | E8: 1008 | F8: Ford-001 | G8: FORD | H8: 1 | I8: 35301 | J8: 35301
A9: 43982 | B9: 2020 | C9: Jan | D9: North | E9: 1008 | F9: Ford-001 | G9: FORD | H9: 1 | I9: 33551 | J9: 33551
A10: 43953 | B10: 2020 | C10: Jan | D10: North | E10: 1005 | F10: Mitsubishi-001 | G10: MITSUBISHI | H10: 1 | I10: 36644 | J10: 36644
A11: 43953 | B11: 2020 | C11: Jan | D11: West | E11: 1005 | F11: Mitsubishi-001 | G11: MITSUBISHI | H11: 2 | I11: 37679 | J11: 75358
A12: 43953 | B12: 2020 | C12: Jan | D12: North | E12: 1005 | F12: Mitsubishi-001 | G12: MITSUBISHI | H12: 1 | I12: 34559 | J12: 34559
A13: 43955 | B13: 2020 | C13: Jan | D13: South | E13: 1005 | F13: Mitsubishi-001 | G13: MITSUBISHI | H13: 1 | I13: 41663 | J13: 41663
A14: 43956 | B14: 2020 | C14: Jan | D14: West | E14: 1005 | F14: Mitsubishi-001 | G14: MITSUBISHI | H14: 1 | I14: 33981 | J14: 33981
... A74: 43966 | B74: 2020 | C74: Jan | D74: West | E74: 1011 | F74: Toyota-003 | G74: TOYOTA | H74: 1 | I74: 41912 | J74: 41912

Sheet June 2020
A1: Date | B1: Year | C1: Month | D1: Territory | E1: Product Code | F1: Product Name | G1: Manufacturer | H1: Sold Qty | I1: Selling Price | J1: Sales Transaction | M1: Average Selling Price
A2: 43984 | B2: 2020 | C2: Feb | D2: South | E2: 1008 | F2: Ford-001 | G2: FORD | H2: 1 | I2: 30027 | J2: 30027 | L2: Total | M2: =AVERAGE('June 2020'!$I$2:$I$74) -> 34776.247
A3: 43984 | B3: 2020 | C3: Feb | D3: North | E3: 1008 | F3: Ford-001 | G3: FORD | H3: 1 | I3: 38917 | J3: 38917
A4: 43986 | B4: 2020 | C4: Feb | D4: East | E4: 1008 | F4: Ford-001 | G4: FORD | H4: 1 | I4: 37653 | J4: 37653
A5: 43994 | B5: 2020 | C5: Feb | D5: East | E5: 1008 | F5: Ford-001 | G5: FORD | H5: 1 | I5: 39360 | J5: 39360
A6: 44004 | B6: 2020 | C6: Feb | D6: East | E6: 1008 | F6: Ford-001 | G6: FORD | H6: 1 | I6: 41353 | J6: 41353
A7: 44008 | B7: 2020 | C7: Feb | D7: South | E7: 1008 | F7: Ford-001 | G7: FORD | H7: 1 | I7: 30900 | J7: 30900
A8: 44010 | B8: 2020 | C8: Feb | D8: North | E8: 1008 | F8: Ford-001 | G8: FORD | H8: 1 | I8: 40227 | J8: 40227
A9: 44012 | B9: 2020 | C9: Feb | D9: North | E9: 1008 | F9: Ford-001 | G9: FORD | H9: 1 | I9: 35371 | J9: 35371
A10: 43984 | B10: 2020 | C10: Feb | D10: North | E10: 1005 | F10: Mitsubishi-001 | G10: MITSUBISHI | H10: 1 | I10: 36015 | J10: 36015
A11: 43984 | B11: 2020 | C11: Feb | D11: West | E11: 1005 | F11: Mitsubishi-001 | G11: MITSUBISHI | H11: 2 | I11: 38766 | J11: 77532
A12: 43984 | B12: 2020 | C12: Feb | D12: North | E12: 1005 | F12: Mitsubishi-001 | G12: MITSUBISHI | H12: 1 | I12: 34091 | J12: 34091
A13: 43986 | B13: 2020 | C13: Feb | D13: South | E13: 1005 | F13: Mitsubishi-001 | G13: MITSUBISHI | H13: 1 | I13: 28439 | J13: 28439
A14: 43987 | B14: 2020 | C14: Feb | D14: West | E14: 1005 | F14: Mitsubishi-001 | G14: MITSUBISHI | H14: 1 | I14: 38151 | J14: 38151
... A74: 43997 | B74: 2020 | C74: Feb | D74: West | E74: 1011 | F74: Toyota-003 | G74: TOYOTA | H74: 1 | I74: 41189 | J74: 41189

Sheet July 2020
A1: Date | B1: Year | C1: Month | D1: Territory | E1: Product Code | F1: Product Name | G1: Manufacturer | H1: Sold Qty | I1: Selling Price | J1: Sales Transaction | M1: Average Selling Price
A2: 44014 | B2: 2020 | C2: Mar | D2: South | E2: 1008 | F2: Ford-001 | G2: FORD | H2: 1 | I2: 38382 | J2: 38382 | L2: Total | M2: =AVERAGE('July 2020'!$I$2:$I$74) -> 35679.384
A3: 44014 | B3: 2020 | C3: Mar | D3: North | E3: 1008 | F3: Ford-001 | G3: FORD | H3: 1 | I3: 35831 | J3: 35831
A4: 44016 | B4: 2020 | C4: Mar | D4: East | E4: 1008 | F4: Ford-001 | G4: FORD | H4: 1 | I4: 37959 | J4: 37959
A5: 44024 | B5: 2020 | C5: Mar | D5: East | E5: 1008 | F5: Ford-001 | G5: FORD | H5: 1 | I5: 31134 | J5: 31134
A6: 44034 | B6: 2020 | C6: Mar | D6: East | E6: 1008 | F6: Ford-001 | G6: FORD | H6: 1 | I6: 35743 | J6: 35743
A7: 44038 | B7: 2020 | C7: Mar | D7: South | E7: 1008 | F7: Ford-001 | G7: FORD | H7: 1 | I7: 38308 | J7: 38308
A8: 44040 | B8: 2020 | C8: Mar | D8: North | E8: 1008 | F8: Ford-001 | G8: FORD | H8: 1 | I8: 34087 | J8: 34087
A9: 44043 | B9: 2020 | C9: Mar | D9: North | E9: 1008 | F9: Ford-001 | G9: FORD | H9: 1 | I9: 37947 | J9: 37947
A10: 44014 | B10: 2020 | C10: Mar | D10: North | E10: 1005 | F10: Mitsubishi-001 | G10: MITSUBISHI | H10: 1 | I10: 35288 | J10: 35288
A11: 44014 | B11: 2020 | C11: Mar | D11: West | E11: 1005 | F11: Mitsubishi-001 | G11: MITSUBISHI | H11: 2 | I11: 35309 | J11: 70618
A12: 44014 | B12: 2020 | C12: Mar | D12: North | E12: 1005 | F12: Mitsubishi-001 | G12: MITSUBISHI | H12: 1 | I12: 35953 | J12: 35953
A13: 44016 | B13: 2020 | C13: Mar | D13: South | E13: 1005 | F13: Mitsubishi-001 | G13: MITSUBISHI | H13: 1 | I13: 38576 | J13: 38576
A14: 44017 | B14: 2020 | C14: Mar | D14: West | E14: 1005 | F14: Mitsubishi-001 | G14: MITSUBISHI | H14: 1 | I14: 38118 | J14: 38118
... A74: 44027 | B74: 2020 | C74: Mar | D74: West | E74: 1011 | F74: Toyota-003 | G74: TOYOTA | H74: 1 | I74: 33903 | J74: 33903

Sheet August 2020
A1: Date | B1: Year | C1: Month | D1: Territory | E1: Product Code | F1: Product Name | G1: Manufacturer | H1: Sold Qty | I1: Selling Price | J1: Sales Transaction | M1: Average Selling Price
A2: 44045 | B2: 2020 | C2: Apr | D2: South | E2: 1008 | F2: Ford-001 | G2: FORD | H2: 1 | I2: 32880 | J2: 32880 | L2: Total | M2: =AVERAGE('August 2020'!$I$2:$I$74) -> 35703.795
A3: 44045 | B3: 2020 | C3: Apr | D3: North | E3: 1008 | F3: Ford-001 | G3: FORD | H3: 1 | I3: 39535 | J3: 39535
A4: 44047 | B4: 2020 | C4: Apr | D4: East | E4: 1008 | F4: Ford-001 | G4: FORD | H4: 1 | I4: 38543 | J4: 38543
A5: 44055 | B5: 2020 | C5: Apr | D5: East | E5: 1008 | F5: Ford-001 | G5: FORD | H5: 1 | I5: 35087 | J5: 35087
A6: 44065 | B6: 2020 | C6: Apr | D6: East | E6: 1008 | F6: Ford-001 | G6: FORD | H6: 1 | I6: 37340 | J6: 37340
A7: 44069 | B7: 2020 | C7: Apr | D7: South | E7: 1008 | F7: Ford-001 | G7: FORD | H7: 1 | I7: 35671 | J7: 35671
A8: 44071 | B8: 2020 | C8: Apr | D8: North | E8: 1008 | F8: Ford-001 | G8: FORD | H8: 1 | I8: 34296 | J8: 34296
A9: 44074 | B9: 2020 | C9: Apr | D9: North | E9: 1008 | F9: Ford-001 | G9: FORD | H9: 1 | I9: 34355 | J9: 34355
A10: 44045 | B10: 2020 | C10: Apr | D10: North | E10: 1005 | F10: Mitsubishi-001 | G10: MITSUBISHI | H10: 1 | I10: 35989 | J10: 35989
A11: 44045 | B11: 2020 | C11: Apr | D11: West | E11: 1005 | F11: Mitsubishi-001 | G11: MITSUBISHI | H11: 2 | I11: 37751 | J11: 75502
A12: 44045 | B12: 2020 | C12: Apr | D12: North | E12: 1005 | F12: Mitsubishi-001 | G12: MITSUBISHI | H12: 1 | I12: 38440 | J12: 38440
A13: 44047 | B13: 2020 | C13: Apr | D13: South | E13: 1005 | F13: Mitsubishi-001 | G13: MITSUBISHI | H13: 1 | I13: 39882 | J13: 39882
A14: 44048 | B14: 2020 | C14: Apr | D14: West | E14: 1005 | F14: Mitsubishi-001 | G14: MITSUBISHI | H14: 1 | I14: 32282 | J14: 32282
... A74: 44058 | B74: 2020 | C74: Apr | D74: West | E74: 1011 | F74: Toyota-003 | G74: TOYOTA | H74: 1 | I74: 39612 | J74: 39612

Sheet September 2020
A1: Date | B1: Year | C1: Month | D1: Territory | E1: Product Code | F1: Product Name | G1: Manufacturer | H1: Sold Qty | I1: Selling Price | J1: Sales Transaction | M1: Average Selling Price
A2: 44076 | B2: 2020 | C2: Jan | D2: South | E2: 1008 | F2: Ford-001 | G2: FORD | H2: 1 | I2: 34353 | J2: 34353 | L2: Total | M2: =AVERAGE('September 2020'!$I$2:$I$74) -> 37219.534
A3: 44076 | B3: 2020 | C3: Jan | D3: North | E3: 1008 | F3: Ford-001 | G3: FORD | H3: 1 | I3: 41375 | J3: 41375
A4: 44078 | B4: 2020 | C4: Jan | D4: East | E4: 1008 | F4: Ford-001 | G4: FORD | H4: 1 | I4: 33873 | J4: 33873
A5: 44086 | B5: 2020 | C5: Jan | D5: East | E5: 1008 | F5: Ford-001 | G5: FORD | H5: 1 | I5: 33821 | J5: 33821
A6: 44096 | B6: 2020 | C6: Jan | D6: East | E6: 1008 | F6: Ford-001 | G6: FORD | H6: 1 | I6: 41016 | J6: 41016
A7: 44100 | B7: 2020 | C7: Jan | D7: South | E7: 1008 | F7: Ford-001 | G7: FORD | H7: 1 | I7: 41648 | J7: 41648
A8: 44102 | B8: 2020 | C8: Jan | D8: North | E8: 1008 | F8: Ford-001 | G8: FORD | H8: 1 | I8: 35301 | J8: 35301
A9: 44104 | B9: 2020 | C9: Jan | D9: North | E9: 1008 | F9: Ford-001 | G9: FORD | H9: 1 | I9: 33551 | J9: 33551
A10: 44076 | B10: 2020 | C10: Jan | D10: North | E10: 1005 | F10: Mitsubishi-001 | G10: MITSUBISHI | H10: 1 | I10: 36644 | J10: 36644
A11: 44076 | B11: 2020 | C11: Jan | D11: West | E11: 1005 | F11: Mitsubishi-001 | G11: MITSUBISHI | H11: 2 | I11: 37679 | J11: 75358
A12: 44076 | B12: 2020 | C12: Jan | D12: North | E12: 1005 | F12: Mitsubishi-001 | G12: MITSUBISHI | H12: 1 | I12: 34559 | J12: 34559
A13: 44078 | B13: 2020 | C13: Jan | D13: South | E13: 1005 | F13: Mitsubishi-001 | G13: MITSUBISHI | H13: 1 | I13: 41663 | J13: 41663
A14: 44079 | B14: 2020 | C14: Jan | D14: West | E14: 1005 | F14: Mitsubishi-001 | G14: MITSUBISHI | H14: 1 | I14: 33981 | J14: 33981
... A74: 44089 | B74: 2020 | C74: Jan | D74: West | E74: 1011 | F74: Toyota-003 | G74: TOYOTA | H74: 1 | I74: 41912 | J74: 41912

Sheet October 2020
A1: Date | B1: Year | C1: Month | D1: Territory | E1: Product Code | F1: Product Name | G1: Manufacturer | H1: Sold Qty | I1: Selling Price | J1: Sales Transaction | M1: Average Selling Price
A2: 44106 | B2: 2020 | C2: Feb | D2: South | E2: 1008 | F2: Ford-001 | G2: FORD | H2: 1 | I2: 30027 | J2: 30027 | L2: Total | M2: =AVERAGE('October 2020'!$I$2:$I$74) -> 34776.247
A3: 44106 | B3: 2020 | C3: Feb | D3: North | E3: 1008 | F3: Ford-001 | G3: FORD | H3: 1 | I3: 38917 | J3: 38917
A4: 44108 | B4: 2020 | C4: Feb | D4: East | E4: 1008 | F4: Ford-001 | G4: FORD | H4: 1 | I4: 37653 | J4: 37653
A5: 44116 | B5: 2020 | C5: Feb | D5: East | E5: 1008 | F5: Ford-001 | G5: FORD | H5: 1 | I5: 39360 | J5: 39360
A6: 44126 | B6: 2020 | C6: Feb | D6: East | E6: 1008 | F6: Ford-001 | G6: FORD | H6: 1 | I6: 41353 | J6: 41353
A7: 44130 | B7: 2020 | C7: Feb | D7: South | E7: 1008 | F7: Ford-001 | G7: FORD | H7: 1 | I7: 30900 | J7: 30900
A8: 44132 | B8: 2020 | C8: Feb | D8: North | E8: 1008 | F8: Ford-001 | G8: FORD | H8: 1 | I8: 40227 | J8: 40227
A9: 44135 | B9: 2020 | C9: Feb | D9: North | E9: 1008 | F9: Ford-001 | G9: FORD | H9: 1 | I9: 35371 | J9: 35371
A10: 44106 | B10: 2020 | C10: Feb | D10: North | E10: 1005 | F10: Mitsubishi-001 | G10: MITSUBISHI | H10: 1 | I10: 36015 | J10: 36015
A11: 44106 | B11: 2020 | C11: Feb | D11: West | E11: 1005 | F11: Mitsubishi-001 | G11: MITSUBISHI | H11: 2 | I11: 38766 | J11: 77532
A12: 44106 | B12: 2020 | C12: Feb | D12: North | E12: 1005 | F12: Mitsubishi-001 | G12: MITSUBISHI | H12: 1 | I12: 34091 | J12: 34091
A13: 44108 | B13: 2020 | C13: Feb | D13: South | E13: 1005 | F13: Mitsubishi-001 | G13: MITSUBISHI | H13: 1 | I13: 28439 | J13: 28439
A14: 44109 | B14: 2020 | C14: Feb | D14: West | E14: 1005 | F14: Mitsubishi-001 | G14: MITSUBISHI | H14: 1 | I14: 38151 | J14: 38151
... A74: 44119 | B74: 2020 | C74: Feb | D74: West | E74: 1011 | F74: Toyota-003 | G74: TOYOTA | H74: 1 | I74: 41189 | J74: 41189

Sheet November 2020
A1: Date | B1: Year | C1: Month | D1: Territory | E1: Product Code | F1: Product Name | G1: Manufacturer | H1: Sold Qty | I1: Selling Price | J1: Sales Transaction | M1: Average Selling Price
A2: 44137 | B2: 2020 | C2: Mar | D2: South | E2: 1008 | F2: Ford-001 | G2: FORD | H2: 1 | I2: 38382 | J2: 38382 | L2: Total | M2: =AVERAGE('November 2020'!$I$2:$I$74) -> 35679.384
A3: 44137 | B3: 2020 | C3: Mar | D3: North | E3: 1008 | F3: Ford-001 | G3: FORD | H3: 1 | I3: 35831 | J3: 35831
A4: 44139 | B4: 2020 | C4: Mar | D4: East | E4: 1008 | F4: Ford-001 | G4: FORD | H4: 1 | I4: 37959 | J4: 37959
A5: 44147 | B5: 2020 | C5: Mar | D5: East | E5: 1008 | F5: Ford-001 | G5: FORD | H5: 1 | I5: 31134 | J5: 31134
A6: 44157 | B6: 2020 | C6: Mar | D6: East | E6: 1008 | F6: Ford-001 | G6: FORD | H6: 1 | I6: 35743 | J6: 35743
A7: 44161 | B7: 2020 | C7: Mar | D7: South | E7: 1008 | F7: Ford-001 | G7: FORD | H7: 1 | I7: 38308 | J7: 38308
A8: 44163 | B8: 2020 | C8: Mar | D8: North | E8: 1008 | F8: Ford-001 | G8: FORD | H8: 1 | I8: 34087 | J8: 34087
A9: 44165 | B9: 2020 | C9: Mar | D9: North | E9: 1008 | F9: Ford-001 | G9: FORD | H9: 1 | I9: 37947 | J9: 37947
A10: 44137 | B10: 2020 | C10: Mar | D10: North | E10: 1005 | F10: Mitsubishi-001 | G10: MITSUBISHI | H10: 1 | I10: 35288 | J10: 35288
A11: 44137 | B11: 2020 | C11: Mar | D11: West | E11: 1005 | F11: Mitsubishi-001 | G11: MITSUBISHI | H11: 2 | I11: 35309 | J11: 70618
A12: 44137 | B12: 2020 | C12: Mar | D12: North | E12: 1005 | F12: Mitsubishi-001 | G12: MITSUBISHI | H12: 1 | I12: 35953 | J12: 35953
A13: 44139 | B13: 2020 | C13: Mar | D13: South | E13: 1005 | F13: Mitsubishi-001 | G13: MITSUBISHI | H13: 1 | I13: 38576 | J13: 38576
A14: 44140 | B14: 2020 | C14: Mar | D14: West | E14: 1005 | F14: Mitsubishi-001 | G14: MITSUBISHI | H14: 1 | I14: 38118 | J14: 38118
... A74: 44150 | B74: 2020 | C74: Mar | D74: West | E74: 1011 | F74: Toyota-003 | G74: TOYOTA | H74: 1 | I74: 33903 | J74: 33903

Sheet December 2020
A1: Date | B1: Year | C1: Month | D1: Territory | E1: Product Code | F1: Product Name | G1: Manufacturer | H1: Sold Qty | I1: Selling Price | J1: Sales Transaction | M1: Average Selling Price
A2: 44167 | B2: 2020 | C2: Apr | D2: South | E2: 1008 | F2: Ford-001 | G2: FORD | H2: 1 | I2: 32880 | J2: 32880 | L2: Total | M2: =AVERAGE('December 2020'!$I$2:$I$74) -> 35703.795
A3: 44167 | B3: 2020 | C3: Apr | D3: North | E3: 1008 | F3: Ford-001 | G3: FORD | H3: 1 | I3: 39535 | J3: 39535
A4: 44169 | B4: 2020 | C4: Apr | D4: East | E4: 1008 | F4: Ford-001 | G4: FORD | H4: 1 | I4: 38543 | J4: 38543
A5: 44177 | B5: 2020 | C5: Apr | D5: East | E5: 1008 | F5: Ford-001 | G5: FORD | H5: 1 | I5: 35087 | J5: 35087
A6: 44187 | B6: 2020 | C6: Apr | D6: East | E6: 1008 | F6: Ford-001 | G6: FORD | H6: 1 | I6: 37340 | J6: 37340
A7: 44191 | B7: 2020 | C7: Apr | D7: South | E7: 1008 | F7: Ford-001 | G7: FORD | H7: 1 | I7: 35671 | J7: 35671
A8: 44193 | B8: 2020 | C8: Apr | D8: North | E8: 1008 | F8: Ford-001 | G8: FORD | H8: 1 | I8: 34296 | J8: 34296
A9: 44196 | B9: 2020 | C9: Apr | D9: North | E9: 1008 | F9: Ford-001 | G9: FORD | H9: 1 | I9: 34355 | J9: 34355
A10: 44167 | B10: 2020 | C10: Apr | D10: North | E10: 1005 | F10: Mitsubishi-001 | G10: MITSUBISHI | H10: 1 | I10: 35989 | J10: 35989
A11: 44167 | B11: 2020 | C11: Apr | D11: West | E11: 1005 | F11: Mitsubishi-001 | G11: MITSUBISHI | H11: 2 | I11: 37751 | J11: 75502
A12: 44167 | B12: 2020 | C12: Apr | D12: North | E12: 1005 | F12: Mitsubishi-001 | G12: MITSUBISHI | H12: 1 | I12: 38440 | J12: 38440
A13: 44169 | B13: 2020 | C13: Apr | D13: South | E13: 1005 | F13: Mitsubishi-001 | G13: MITSUBISHI | H13: 1 | I13: 39882 | J13: 39882
A14: 44170 | B14: 2020 | C14: Apr | D14: West | E14: 1005 | F14: Mitsubishi-001 | G14: MITSUBISHI | H14: 1 | I14: 32282 | J14: 32282
... A74: 44180 | B74: 2020 | C74: Apr | D74: West | E74: 1011 | F74: Toyota-003 | G74: TOYOTA | H74: 1 | I74: 39612 | J74: 39612
